fecha,descripcion,tipo,monto,saldo,id_movimiento
2025-06-01,TRANSFERENCIA DE DISTRIBUIDORA ANDINA LIMITADA RUT 77.234.567-4,ABONO,2387100,10887100,MOV-0002
2025-06-02,TRANSFERENCIA DE TRANSPORTES CORDILLERA LIMITADA RUT 77.789.012-3,ABONO,330000,11217100,MOV-0007
2025-06-03,TRANSFERENCIA DE AGRICOLA SANTA ELENA SPA RUT 79.890.123-0,ABONO,1914100,13131200,MOV-0008
2025-06-04,TRANSFERENCIA DE AGRICOLA SANTA ELENA SPA RUT 79.890.123-0,ABONO,3267100,16398300,MOV-0017
2025-06-04,ABONO CUOTA 1 CLINICA DENTAL SONRISA SPA RUT 77.012.345-3,ABONO,941820,17340120,MOV-0030
2025-06-05,TRANSFERENCIA DE IMPORTADORA PACIFICO SUR SPA RUT 77.456.789-5,ABONO,939800,18279920,MOV-0004
2025-06-05,TRANSFERENCIA DE CONSTRUCTORA VALLE VERDE LTDA RUT 78.567.890-7,ABONO,1419300,19699220,MOV-0014
2025-06-05,TRANSFERENCIA DE AGRICOLA SANTA ELENA SPA RUT 79.890.123-0,ABONO,2534400,22233620,MOV-0020
2025-06-05,TRANSFERENCIA DE CONSTRUCTORA VALLE VERDE LTDA RUT 78.567.890-7,ABONO,458600,22692220,MOV-0035
2025-06-05,TRANSFERENCIA RECIBIDA SIN GLOSA,ABONO,268400,22960620,MOV-0044
2025-06-07,PAGO CONSOLIDADO CONSTRUCTORA VALLE VERDE LTDA RUT 78.567.890-7,ABONO,791500,23752120,MOV-0029
2025-06-07,ABONO CUOTA 2 CLINICA DENTAL SONRISA SPA RUT 77.012.345-3,ABONO,1202107,24954227,MOV-0031
2025-06-08,TRANSFERENCIA DE SUPERMERCADOS EL PARRON S.A. RUT 96.345.678-6,ABONO,1952400,26906627,MOV-0003
2025-06-08,TRANSFERENCIA DE FERRETERIA INDUSTRIAL MAIPO LTDA RUT 76.901.234-6,ABONO,4319200,31225827,MOV-0009
2025-06-08,TRANSFERENCIA DE TRANSPORTES CORDILLERA LIMITADA RUT 77.789.012-3,ABONO,2903600,34129427,MOV-0016
2025-06-08,TRANSF AGRICOLA SANTA,ABONO,2507600,36637027,MOV-0022
2025-06-08,DEPOSITO EN EFECTIVO CAJA SUCURSAL,ABONO,145000,36782027,MOV-0043
2025-06-09,TRANSFERENCIA DE FERRETERIA INDUSTRIAL MAIPO LTDA,ABONO,661000,37443027,MOV-0021
2025-06-10,ABONO CUOTA 3 CLINICA DENTAL SONRISA SPA RUT 77.012.345-3,ABONO,240973,37684000,MOV-0032
2025-06-10,TRANSFERENCIA DE CONSTRUCTORA VALLE VERDE LTDA RUT 78.567.890-7,ABONO,458600,38142600,MOV-0036
2025-06-11,TRANSFERENCIA DE IMPORTADORA PACIFICO SUR SPA RUT 77.456.789-5,ABONO,3848200,41990800,MOV-0013
2025-06-12,TRANSFERENCIA DE SERVICIOS INFORMATICOS NEXO SPA RUT 76.678.901-3,ABONO,2960300,44951100,MOV-0018
2025-06-12,TRANSF LOGISTICA EXPRESS BIOBIO,ABONO,3060200,48011300,MOV-0026
2025-06-12,CARGO ARRIENDO OFICINA INMOBILIARIA RAUCO,CARGO,-850000,47161300,MOV-0042
2025-06-13,TRANSFERENCIA DE SERVICIOS INFORMATICOS NEXO SPA RUT 76.678.901-3,ABONO,2411000,49572300,MOV-0015
2025-06-13,TRANSF C D S S SPA,ABONO,2411800,51984100,MOV-0024
2025-06-13,PAGO REMUNERACIONES NOMINA,CARGO,-3280000,48704100,MOV-0041
2025-06-14,PAGO CONSOLIDADO SUPERMERCADOS EL PARRON S.A. RUT 96.345.678-6,ABONO,911400,49615500,MOV-0027
2025-06-14,ABONO CUOTA 1 PANADERIA DON LUCHO EIRL RUT 78.345.612-5,ABONO,1160987,50776487,MOV-0033
2025-06-14,COMISION MANTENCION CUENTA CORRIENTE,CARGO,-9900,50766587,MOV-0039
2025-06-17,ABONO CUOTA 2 PANADERIA DON LUCHO EIRL RUT 78.345.612-5,ABONO,2263613,53030200,MOV-0034
2025-06-18,TRANSFERENCIA DE PANADERIA DON LUCHO EIRL RUT 78.345.612-5,ABONO,1748000,54778200,MOV-0011
2025-06-18,TRANSFERENCIA DE SERVICIOS INFORMATICOS NEXO SPA RUT 76.678.901-3,ABONO,475500,55253700,MOV-0037
2025-06-19,TRANSFERENCIA DE SERVICIOS INFORMATICOS NEXO SPA RUT 76.678.901-3,ABONO,3619300,58873000,MOV-0006
2025-06-19,IMPUESTO LEY TIMBRES Y ESTAMPILLAS,CARGO,-12450,58860550,MOV-0040
2025-06-20,TRANSFERENCIA DE CLINICA DENTAL SONRISA SPA RUT 77.012.345-3,ABONO,302600,59163150,MOV-0010
2025-06-20,PAGO CONSOLIDADO IMPORTADORA PACIFICO SUR SPA RUT 77.456.789-5,ABONO,2464600,61627750,MOV-0028
2025-06-21,TRANSFERENCIA DE COMERCIAL LOS ALERCES SPA RUT 76.123.456-0,ABONO,1013900,62641650,MOV-0001
2025-06-21,TRANSF PANADERIA DON LUCHO,ABONO,3140400,65782050,MOV-0025
2025-06-22,TRANSFERENCIA DE CONSTRUCTORA VALLE VERDE LTDA RUT 78.567.890-7,ABONO,809300,66591350,MOV-0005
2025-06-23,TRANSFERENCIA DE LOGISTICA EXPRESS BIOBIO SPA RUT 76.456.123-6,ABONO,3599200,70190550,MOV-0012
2025-06-23,TRANSFERENCIA DE SERVICIOS INFORMATICOS NEXO SPA RUT 76.678.901-3,ABONO,475500,70666050,MOV-0038
2025-06-25,TRANSFERENCIA DE TRANSPORTES CORDILLERA LIMITADA,ABONO,3931400,74597450,MOV-0019
2025-06-28,TRANSF FERRETERIA INDUSTR,ABONO,2032800,76630250,MOV-0023
